textos,labels
"La definición de privación está basada en el marco de los derechos de la niñez, utilizando la Convención sobre los Derechos del Niño como fuente principal para seleccionar dimensiones relevantes para el bienestar infantil. Los niños menores de dieciocho años representan más de la mitad (52 %) de la población total de la región. Los hallazgos muestran que el 67 % de todos los niños en los treinta países experimentan al menos dos de cinco privaciones críticas para su supervivencia y desarrollo. Este porcentaje representa a 247 millones de un total de 368 millones de niños en esos 30 países.",1
"La mayoría de los programas de protección social en Ghana aspiran a ser universales en su cobertura, en consonancia con la garantía de igualdad de oportunidades para todos. Por ejemplo, el subsidio de capitación y los programas de entrega gratuita de libros de ejercicios buscan llegar a todos los niños que asisten a escuelas públicas, mientras que las exenciones bajo el Esquema Nacional de Seguro de Salud (NHIS) deberían cubrir a todos los niños menores de 18 años, a todas las personas mayores de 70 años y a todas las mujeres embarazadas, independientemente de su estatus socioeconómico.",1
Esto es dos veces y media mayor que la participación correspondiente de las economías desarrolladas de la región. Un valor del índice superior a uno indica que el volumen de exportación del país hacia ese destino es mayor que el promedio mundial. El país tendría entonces una relación comercial de exportación más intensa con ese socio que el resto del mundo.,1
"El enfoque aquí está en los aspectos de la pobreza que reflejan situaciones de violación de los derechos humanos, lo que se basa en la proposición de que la pobreza es una negación de los derechos humanos. La falta de acceso a los alimentos impide que los pobres se liberen del hambre. La vulnerabilidad a los despidos sin protección social los somete a inseguridad de ingresos. La discriminación experimentada en la vida social y política les priva de su dignidad.",1
"El factor educativo representa una mayor contribución a la pobreza total en Uruguay (49,9 %) y en Costa Rica (37,6 %). La contribución de la asistencia escolar entre niños y adolescentes es mucho menor. No parecen existir diferencias sustanciales en la contribución del ingreso a la pobreza total en función de la tasa de pobreza de los países.",1
"Se introdujo un nuevo objetivo, relacionado con “Lograr empleo pleno y productivo y trabajo decente para todos, incluidas mujeres y jóvenes”. Para ese propósito se definieron cuatro indicadores oficiales, que implican medir la tasa de crecimiento de la productividad por trabajador, el porcentaje de la población empleada, el porcentaje de trabajadores en extrema pobreza y la proporción de trabajadores con empleos inestables e inseguros (“trabajadores vulnerables”). Además, se hizo explícita la recomendación de monitorear las tendencias de pobreza utilizando las líneas nacionales de pobreza. El indicador anterior fue reemplazado por uno que mide la supervivencia hasta el último grado de la educación primaria (proporción de alumnos que comienzan primer grado y llegan al último grado de primaria).",1
"Este es un aspecto clave de las aspiraciones de la Agenda 2030 de “no dejar a nadie atrás”. Con frecuencia, la desagregación implica el diseño de encuestas que permitan la recolección y el análisis de datos sobre edad, sexo, nivel educativo, ocupación y lugar de residencia. La desagregación por situación laboral y de salud, y por etnia, también puede ser de gran importancia.",1
Las estimaciones de pobreza y privación multidimensional son herramientas nuevas e importantes en esta labor. Este documento revisa los aportes de varias investigaciones sobre pobreza y privación multidimensional y los combina en un marco internamente coherente. El marco añade un elemento importante al enfatizar que las personas pueden experimentar varios tipos y formas de pobreza y privación simultáneamente. La experiencia de la pobreza es a menudo multifacética y las privaciones están interrelacionadas en muchos casos.,1
"La mayoría de los indicadores incluidos en la medida de pobreza propuesta ya son considerados “indicadores centrales” en los informes oficiales de Alemania sobre pobreza y riqueza (por ejemplo, Bundesregierung, 2013). Estos indicadores fueron seleccionados en base a asesoramiento académico (Arndt y Volkert, 2007). El índice de pobreza se calcula para tres puntos en el tiempo (2001-2012) y comprende seis dimensiones: educación, salud, vivienda, empleo, privación material y participación social.",1
"Esto requiere incluir el cuidado en el análisis económico (el cuidado como “la sombra del trabajo”), entender su relación con la opresión de género y reconocer su valor como una actividad significativa y una responsabilidad ciudadana. El cuidado como eje de políticas y de actores en América Latina, Seminarios y Conferencias, serie. Solo por establecer un límite de edad, no cabe duda de que más allá de los 80 años la fragilidad es alta, la independencia es inconsistente y existe riesgo de pérdida funcional.",1
"Además, se observa que las personas con más de un tipo de pobreza tienen características socioeconómicas distintas de aquellas que no son pobres o que solo son pobres bajo una medida. Se concluye que utilizar una combinación de medidas de pobreza es más seguro, en términos de identificar a los “verdaderos pobres”, que el uso de medidas únicas. Nolan y Whelan (2011), al analizar la medida de reducción de pobreza de la Unión Europea (La Meta de Pobreza de la UE 2020), sugieren que combinar la pobreza relativa de ingresos y la privación material, y enfocarse en el grupo donde se superponen, merece consideración, ya que tal medida puede servir como un medio para distinguir un subconjunto de la población que merece prioridad en el diseño de políticas contra la pobreza. Asimismo, el estudio de Roche sobre la pobreza infantil multidimensional en Bangladesh muestra que los resultados basados en medidas de riqueza son considerablemente diferentes de los obtenidos con medidas multidimensionales de pobreza.",1
"La definición de privación ha evolucionado con los años, y hoy la inteligencia artificial permite enriquecerla al integrar datos de distintas fuentes: censos, imágenes satelitales y registros administrativos. Con algoritmos de aprendizaje automático, es posible identificar patrones invisibles de exclusión infantil y anticipar riesgos de privación antes de que se agraven. Así, los sistemas de IA se convierten en aliados estratégicos para garantizar que los niños tengan acceso oportuno a educación, salud y alimentación, cumpliendo de manera más efectiva los principios de la Convención sobre los Derechos del Niño.",1
"Los programas de protección social aspiran a ser universales, pero muchas veces carecen de mecanismos de monitoreo eficientes. Con inteligencia artificial, se pueden diseñar plataformas que analicen en tiempo real el impacto de subsidios, becas escolares y seguros de salud. Estas herramientas permiten detectar fallos en la cobertura, identificar beneficiarios no atendidos y sugerir mejoras en la asignación de recursos. De este modo, la IA ayuda a transformar los sistemas sociales en modelos más inclusivos, transparentes y eficaces, asegurando que las poblaciones más vulnerables no queden atrás.",1
"Los índices económicos tradicionales muestran las relaciones comerciales de un país, pero no siempre reflejan cómo estas impactan en la pobreza. La IA permite ir más allá al analizar datos de exportaciones, empleo y distribución de ingresos en conjunto, identificando regiones y grupos sociales más beneficiados o afectados. A través de modelos predictivos, se pueden anticipar efectos negativos sobre comunidades pobres y diseñar políticas compensatorias antes de que los impactos sean irreversibles. Así, la inteligencia artificial se convierte en un recurso clave para equilibrar la economía global con el desarrollo social.",1
"La pobreza es también una violación de los derechos humanos, y la inteligencia artificial puede ayudar a visibilizarla. Mediante sistemas de procesamiento de lenguaje natural, se pueden analizar millones de testimonios, denuncias y encuestas para detectar patrones de discriminación y exclusión. Estos análisis facilitan la creación de políticas públicas que respondan a realidades concretas, asegurando que los más pobres tengan acceso a alimentos, empleo digno y protección social. La IA, usada con enfoque ético y de derechos, se convierte en una herramienta poderosa para restituir dignidad a quienes han sido históricamente marginados.",1
"El fenómeno de la “ruralización” de la pobreza muestra que las comunidades rurales enfrentan riesgos crecientes. Con el apoyo de la inteligencia artificial, es posible procesar imágenes satelitales para detectar cambios en la distribución de la pobreza y mapear en tiempo real los asentamientos vulnerables. Esta información permite a los gobiernos focalizar la inversión en infraestructura, servicios básicos y programas sociales. Además, la IA puede combinar datos de salud y educación para mostrar cómo la pobreza afecta simultáneamente múltiples dimensiones, ofreciendo una visión más integral de la problemática rural.",1
"La educación es un factor central en la reducción de la pobreza, y hoy la IA ofrece herramientas para personalizar el aprendizaje de niños y jóvenes en riesgo. Sistemas de tutores virtuales pueden adaptarse al ritmo de cada estudiante, reforzando sus debilidades y potenciando sus fortalezas. Asimismo, los análisis predictivos permiten identificar a los alumnos en riesgo de abandono escolar y activar apoyos específicos. Estas innovaciones no reemplazan a los maestros, pero amplían su capacidad para llegar a más estudiantes y garantizar una educación inclusiva, reduciendo el círculo intergeneracional de la pobreza.",1
"El análisis de la pobreza multidimensional requiere integrar datos financieros, sociales y culturales. Con IA, se pueden construir modelos que combinen información sobre nutrición, vivienda, salud y educación, detectando privaciones simultáneas en diferentes ámbitos. Estos sistemas permiten una clasificación más precisa de los hogares pobres y facilitan intervenciones adaptadas a cada realidad. La inteligencia artificial también ayuda a evaluar la efectividad de políticas en distintos territorios, aportando evidencia objetiva para mejorar los programas sociales. Con ello, se avanza hacia un enfoque más dinámico y eficiente en la lucha contra la pobreza.",1
"Los umbrales de pobreza suelen calcularse con criterios rígidos, pero la inteligencia artificial puede introducir flexibilidad al considerar patrones de consumo, gasto y necesidades locales. A través del análisis de big data, es posible identificar cómo los hogares priorizan sus recursos y qué factores los hacen más vulnerables. Estos modelos no solo miden la pobreza en términos monetarios, sino también en relación con el acceso a servicios y oportunidades. Así, se logra una visión más realista y contextualizada, permitiendo que las políticas públicas respondan a las necesidades concretas de cada comunidad.",1
"El empleo pleno y productivo es una meta clave del desarrollo sostenible. Con la inteligencia artificial, los gobiernos pueden analizar grandes bases de datos laborales para identificar sectores emergentes y diseñar programas de capacitación ajustados a la demanda real del mercado. Además, la IA puede monitorear la calidad del empleo, detectar condiciones precarias y proponer estrategias de formalización. Herramientas digitales también apoyan a trabajadores en la búsqueda de empleo mediante sistemas de recomendación que conectan sus habilidades con las vacantes disponibles. De esta manera, la IA contribuye a la creación de empleos más dignos e inclusivos.",1
"La Agenda 2030 enfatiza “no dejar a nadie atrás”, y la IA puede ser esencial para lograrlo. Los sistemas de desagregación de datos permiten analizar la pobreza considerando edad, género, etnia, educación y lugar de residencia. Gracias a algoritmos avanzados, es posible cruzar múltiples dimensiones y generar mapas de vulnerabilidad que revelen desigualdades ocultas. Estos mapas sirven para diseñar políticas focalizadas en grupos marginados y garantizar que los recursos lleguen a quienes más los necesitan. La inteligencia artificial, aplicada de manera ética y responsable, se convierte en un instrumento para avanzar hacia un mundo más equitativo",1
El desarrollo de estándares culturalmente competentes de atención para los proveedores de salud es una condición previa necesaria para alcanzar este objetivo. La medicina tradicional forma parte del conocimiento tradicional de los pueblos indígenas. Las tradiciones de conocimiento y las cosmovisiones constituyen el contexto del sistema de salud de una sociedad.,3
"Los modelos de atención colaborativa que utilizan el enfoque de atención escalonada son aún más rentables. Esto ocurre cuando la intensidad se incrementa únicamente cuando se ha demostrado necesario. A los pacientes primero se les ofrece una intervención que, aunque probablemente eficaz, es relativamente fácil de implementar y conlleva un costo o efectos secundarios relativamente bajos.",3
"La formación de especialistas en medicina general se complementa cada vez más con tecnologías digitales e inteligencia artificial que ayudan a abordar problemas comunes de salud pública, como la salud mental. Hoy existen algoritmos capaces de analizar historiales clínicos, respuestas a cuestionarios y patrones de comportamiento que orientan a los médicos en la detección temprana de trastornos. Esto reduce la presión sobre los servicios especializados de psiquiatría, que suelen concentrarse en hospitales generales, y facilita un acceso más equitativo. El uso de IA también mejora la coordinación entre atención primaria y atención especializada, fortaleciendo la continuidad del cuidado y ofreciendo diagnósticos más rápidos y precisos.",3
"En el tratamiento de personas con trastornos mentales y comorbilidades, la inteligencia artificial está transformando la manera de gestionar la atención. A través de plataformas digitales, los pacientes pueden ser monitoreados en tiempo real, lo que permite detectar recaídas tempranas y ajustar terapias con mayor precisión. Gracias a la financiación internacional, proyectos innovadores integran telepsiquiatría, sensores portátiles y análisis predictivo de datos clínicos para mejorar la calidad de vida. Estas soluciones no solo optimizan los servicios existentes, sino que también generan recomendaciones para nuevas políticas y reformas organizativas. Con ello, se busca elevar permanentemente el nivel de la atención en salud mental, garantizando mayor cobertura y efectividad en todos los niveles del sistema.",3
"La libertad de los pacientes para elegir médicos de cabecera y especialistas puede fortalecerse mediante plataformas inteligentes que integran datos clínicos y recomendaciones generadas con IA. Estos sistemas sugieren rutas de atención basadas en evidencia y en el perfil de cada persona, evitando duplicaciones y mejorando la coordinación entre niveles de atención. La inteligencia artificial también ayuda a suplir las limitaciones de una fuerza laboral de atención primaria poco desarrollada, mediante sistemas de apoyo a la decisión clínica que guían a médicos generales en el manejo de enfermedades crónicas y agudas. De esta forma, se fortalece la gobernanza de la atención primaria y se garantiza un sistema más equitativo, eficiente y centrado en el paciente.",3
"El análisis de patrones de consumo de sustancias en estudiantes de secundaria puede enriquecerse con el uso de inteligencia artificial. A partir de encuestas, datos sociales y registros de salud, los algoritmos identifican factores de riesgo que antes pasaban desapercibidos y permiten diseñar campañas preventivas más efectivas. Estas tecnologías facilitan la detección temprana de grupos vulnerables y apoyan a las instituciones educativas en la implementación de programas de intervención. Además, las plataformas digitales ofrecen a los jóvenes información personalizada y herramientas interactivas para prevenir el consumo de cannabis, cocaína y otras drogas. De esta forma, la IA contribuye a reducir la prevalencia y fortalece la capacidad de respuesta de los sistemas de salud y educación en la región.",3
"El uso de inteligencia artificial en salud pública permite comprender de manera más profunda los patrones de consumo de alcohol, obesidad y actividad física en la población. Algoritmos de aprendizaje automático analizan datos de encuestas nacionales, historiales médicos y aplicaciones móviles de seguimiento para generar perfiles de riesgo en adolescentes y adultos. Esto facilita diseñar intervenciones personalizadas, como programas de ejercicio adaptados, planes de alimentación saludable y estrategias para reducir el consumo excesivo de alcohol. Las tecnologías digitales también permiten monitorear en tiempo real la evolución de los usuarios y brindar retroalimentación inmediata. Con estas herramientas, es posible promover estilos de vida más saludables y prevenir enfermedades crónicas de manera eficaz.",3
"Garantizar un acceso equitativo a los servicios de salud es esencial en la implementación de nuevas tecnologías. La inteligencia artificial, bien aplicada, puede evaluar brechas en la distribución de recursos, analizar datos demográficos y recomendar políticas públicas que mejoren la cobertura. Plataformas inteligentes permiten priorizar intervenciones en comunidades marginadas y prever posibles desigualdades derivadas de la digitalización. Además, la telemedicina con soporte de IA ofrece oportunidades para acercar especialistas a zonas rurales y poblaciones de difícil acceso, reduciendo barreras geográficas y económicas. Al asegurarse de que las soluciones tecnológicas estén alineadas con los objetivos de equidad, los sistemas de salud fortalecen el bienestar colectivo sin dejar a nadie atrás.",3
"La inteligencia artificial desempeña un papel cada vez más importante en la lucha contra epidemias como el VIH/SIDA. Mediante el análisis de grandes volúmenes de datos epidemiológicos, los algoritmos identifican patrones diferenciales en la mortalidad entre hombres y mujeres, así como factores de riesgo asociados. Estos modelos permiten diseñar estrategias de prevención más focalizadas, mejorar la asignación de recursos y anticipar tendencias futuras. Asimismo, la IA contribuye al seguimiento de la mortalidad infantil y la evaluación de programas de vacunación, ayudando a los sistemas de salud a tomar decisiones basadas en evidencia. Con estas herramientas, se logra responder de manera más ágil y efectiva a los desafíos de la salud pública global.",3
"El estigma asociado a la salud mental en Japón, intensificado tras incidentes como el ataque de 1964, sigue siendo un desafío. Hoy, sin embargo, la inteligencia artificial se convierte en un aliado para promover un enfoque comunitario y reducir prejuicios. Plataformas digitales permiten ofrecer apoyo psicológico en línea, monitorear la evolución de pacientes con esquizofrenia u otros trastornos y coordinar servicios comunitarios. Además, sistemas de IA ayudan a planificar la ubicación de hogares grupales y centros de apoyo, garantizando un uso más eficiente de los recursos. Estas innovaciones refuerzan las reformas legales y organizativas, promoviendo un sistema de salud mental más inclusivo, humano y centrado en la reintegración social.",3
"El seguimiento de indicadores de calidad en salud se beneficia enormemente de la inteligencia artificial. Algoritmos predictivos analizan miles de registros médicos para identificar visitas a especialistas que podrían resolverse en atención primaria. En enfermedades crónicas como hipertensión y diabetes, estos sistemas anticipan complicaciones y alertan a médicos de cabecera para intervenir antes de que la condición se agrave. También ofrecen reportes automatizados que facilitan auditorías clínicas y reducen la carga administrativa del personal de salud. Con ello, se mejora la eficiencia del sistema, se optimizan recursos y se garantiza una atención más proactiva, integral y centrada en el bienestar de los pacientes.",3
"El sistema de salud japonés, reconocido por su eficiencia y la alta esperanza de vida de su población, puede fortalecerse aún más con la incorporación de inteligencia artificial. Herramientas de apoyo al diagnóstico analizan radiografías, pruebas clínicas y datos de laboratorio para detectar anomalías con rapidez. A nivel hospitalario, sistemas inteligentes optimizan la asignación de camas, la gestión de citas y la disponibilidad de especialistas, reduciendo tiempos de espera. Asimismo, las aplicaciones móviles permiten a los pacientes dar seguimiento a su estado de salud y recibir recordatorios personalizados. Estas innovaciones, integradas en un sistema flexible y abierto, consolidan un modelo de atención médica sostenible y orientado al bienestar integral.",3
"Las medidas preventivas inadecuadas para el contacto con pacientes de TB-MDR resultan en un aumento de la incidencia de TB-MDR en los hijos de los pacientes. Se ha informado de un caso de malaria en Mongolia en 2015. En consecuencia, la incidencia de hepatitis viral B disminuyó sustancialmente. Para lograr esto, la vacunación y la capacidad de los servicios de salud son factores clave.",3
"Mientras que algunos equipos móviles cuentan con un asistente médico y una enfermera, otros equipos móviles pueden estar integrados por especialistas médicos que proporcionan servicios de diagnóstico y tratamiento más complejos, como, por ejemplo, exámenes pulmonares por fluoroscopia. Aunque muchos asistentes médicos y enfermeras en áreas predominantemente indígenas son indígenas, la mayoría de los médicos no lo son. Aunque los pueblos indígenas rara vez enfrentan problemas de idioma en su comunicación con los médicos, existe la necesidad de que los médicos tengan un mejor conocimiento de las culturas indígenas. Los médicos en formación en universidades de medicina no están expuestos a cursos sobre “medicina del norte” ni reciben capacitación para trabajar con pueblos indígenas. Los indígenas del norte en la Federación de Rusia viven en regiones con abundantes recursos naturales, entre ellos petróleo, gas y oro, y las industrias extractivas contribuyen a la destrucción ecológica.",3
"Los médicos se clasifican en tres categorías: médicos generales, especialistas y otros médicos. En Polonia, la mayoría de los “otros médicos” podrían ser en realidad médicos generales. Si estas dos categorías se fusionan en “médicos generales”, entonces la proporción de médicos generales respecto de especialistas aumenta de 0,12 a 0,30 en Polonia.",3
"Los equipos de intervención temprana aceptan derivaciones de médicos generales y de otros equipos de salud mental en la comunidad. A veces, los equipos locales de intervención temprana también aceptan auto-derivaciones o derivaciones de amigos y familiares. Las personas con necesidades complejas que requieren apoyo continuo pueden ser incluidas en el Enfoque de Programa de Atención (CPA). Entonces deberían recibir un plan de atención y revisiones periódicas.",3
"Aunque considerado como “tradicional” y un marcador cultural de los sami, el pastoreo de renos es de origen relativamente reciente, desarrollado durante el siglo XVI. En Noruega y Suecia, pero no en Finlandia, el pastoreo seminómada de renos es, por ley, una ocupación estrictamente reservada para los sami. Muchos sami se encuentran en un estado de transición en el que es importante adaptarse a un nuevo mundo cambiante sin perder de vista los valores de la cosmovisión tradicional sami. La mayoría de los aproximadamente 56.000 habitantes viven en la costa sur y centro-occidental.",3
"Esta subcategoría también incluye bienes médicos no duraderos que han sido recetados por un médico autorizado. Subcategorías como “medicamentos esenciales” son distinciones operativas que ya están institucionalizadas en algunos países para la vigilancia rutinaria, y que también podrían incluirse en un desglose detallado. Eventualmente, también puede ser factible un desglose terapéutico basado en la Clasificación Anatómica Terapéutica Química.",3
"La suspensión del cobro compartido en Uganda, Bulletin of the World Health Organization, vol. “La abolición del cobro compartido es favorable a los pobres: evidencia de Uganda”, Health Policy and Planning, vol. Las tarifas de usuario y los ingresos administrados se determinaron a nivel local, pero a menudo estaban en el rango de 0,25 a 0,45 dólares estadounidenses por visita. Después de la introducción de estas tarifas, la asistencia ambulatoria cayó en más del 20 % en algunos distritos, mientras que ocurrió lo contrario en algunas zonas remotas.",3
Cinco países informaron que los proyectos nacionales de vinculación de registros se utilizaron para la supervisión regular de la calidad de la atención en salud mental. Estos resultados ilustran que es necesario un progreso considerable en términos de contar con una infraestructura integral y bien diseñada para medir la calidad de la atención de salud mental en los países de la OCDE. También vale la pena enfatizar que los datos hospitalarios están generalmente mejor desarrollados que los datos sobre atención comunitaria y otros servicios de salud mental.,3
"La coordinación de la atención social, las necesidades sociales, la política social y las necesidades y políticas de atención de salud es central en las estrategias actuales de salud y salud mental en Inglaterra. La salud, el bienestar y la salud mental se consideran problemas intersectoriales, y se prioriza la integración de los servicios de salud mental con la atención social y el apoyo. No Health Without Mental Health (Gobierno de Su Majestad, 2011) confirma y consolida este enfoque.",3
El aumento de los copagos por medicamentos y por el uso inapropiado de los servicios de urgencias hospitalarias se implementó en la mayoría de las regiones tras la introducción de los Planes de Reducción del Déficit. Las políticas recientes promueven la prescripción de genéricos al exigir a los médicos generales que indiquen explícitamente los principios activos de los medicamentos prescritos para facilitar su sustitución. El reto ahora será encontrar posiciones adecuadas en el sistema de salud para todos estos nuevos graduados.,3
"A menudo, los pueblos indígenas se incluyen en categorías más amplias como “grupos vulnerables” o “los pobres”, lo que oscurece las particularidades de su situación. Además, este reconocimiento implica las reformas estructurales necesarias para ejercer la autodeterminación, lo que en el caso de la salud corresponde a apoyar el desarrollo de sistemas de salud indígena y garantizar al mismo tiempo la participación plena y efectiva en los servicios de salud ofrecidos por el Estado. En tercer lugar, debe existir voluntad política, ya que la mera existencia de políticas destinadas a mejorar la salud de los pueblos indígenas es insuficiente si no se implementan con éxito. Por último, debe existir una decisión consciente de la sociedad nacional de involucrarse en un intercambio y compartición de conocimientos, valores y costumbres que, si se practica diariamente, permitiría superar las estructuras monoculturalistas.",3
"El desarrollo de estándares culturalmente competentes de atención médica puede potenciarse con la inteligencia artificial. Mediante sistemas de análisis de lenguaje natural, la IA puede interpretar historias clínicas en lenguas indígenas y traducirlas automáticamente para los proveedores de salud. Además, plataformas de aprendizaje automático permiten integrar conocimientos de medicina tradicional con protocolos médicos modernos, creando bases de datos multiculturales que respetan cosmovisiones diversas. De esta forma, se fortalece la atención intercultural y se mejora la confianza de las comunidades en los sistemas de salud, reduciendo barreras históricas de acceso.",3
"Los modelos de atención escalonada se vuelven más eficientes al integrarse con sistemas de IA que monitorean la evolución de los pacientes en tiempo real. Algoritmos predictivos analizan síntomas, historial médico y respuestas a tratamientos iniciales, indicando cuándo escalar la intensidad de la atención. Esto reduce costos, evita intervenciones innecesarias y asegura que cada persona reciba la atención adecuada en el momento oportuno. La IA permite, además, que los equipos de salud compartan información de manera automática y segura, facilitando la colaboración entre diferentes niveles del sistema.",3
"La prevención de enfermedades como TB-MDR, malaria o hepatitis B puede reforzarse mediante el uso de IA. Plataformas de análisis predictivo identifican zonas con alto riesgo epidemiológico a partir de datos de movilidad, clima y registros médicos. Esto permite priorizar campañas de vacunación y distribución de recursos de manera más precisa. Asimismo, los chatbots de salud, entrenados con datos médicos, pueden brindar información preventiva personalizada a las familias. Gracias a la inteligencia artificial, los sistemas de salud no solo reaccionan, sino que se anticipan a brotes, reduciendo su impacto en las poblaciones vulnerables.",3
"Los equipos móviles de salud enfrentan el reto de atender comunidades culturalmente diversas. Con IA, es posible integrar traductores automáticos de lenguas indígenas en las consultas médicas, así como sistemas de apoyo diagnóstico basados en imágenes. Por ejemplo, algoritmos de visión computacional permiten realizar exámenes pulmonares con cámaras portátiles, reduciendo la dependencia de equipos costosos. Además, plataformas de IA pueden mapear la relación entre actividades extractivas y enfermedades locales, ayudando a anticipar riesgos sanitarios. Esto convierte a los equipos móviles en unidades más autónomas, eficaces y culturalmente sensibles.",3
"La planificación de recursos humanos en salud se beneficia del análisis de datos mediante IA. En países como Polonia, donde la clasificación de médicos genera distorsiones, los algoritmos pueden limpiar y organizar registros profesionales para identificar con mayor precisión la proporción real de especialistas y médicos generales. Además, sistemas predictivos pueden anticipar déficits en ciertas especialidades y recomendar políticas de formación y contratación. De esta forma, la inteligencia artificial contribuye a la distribución equitativa de personal médico, optimizando la cobertura y mejorando el acceso de la población a la atención.",3
"Los equipos de intervención temprana pueden apoyarse en aplicaciones basadas en IA que detectan señales de alerta en conversaciones, publicaciones en redes sociales o registros escolares, siempre con el debido respeto a la privacidad. Estos sistemas ayudan a identificar casos que requieren derivación inmediata y facilitan el seguimiento mediante planes de atención digitalizados. Además, los algoritmos pueden generar recordatorios automáticos y sugerencias de ajuste en los tratamientos. Así, la IA permite que la intervención temprana en salud mental sea más ágil, personalizada y efectiva, evitando que los problemas se agraven.",3
"La transición cultural de pueblos como los sami, con prácticas tradicionales como el pastoreo de renos, puede abordarse con IA para preservar la salud comunitaria. Sistemas de aprendizaje automático permiten registrar y analizar prácticas médicas tradicionales junto con datos biomédicos modernos. Esto genera modelos híbridos de atención que respetan la cosmovisión indígena sin renunciar a los avances de la medicina contemporánea. Además, los programas de IA pueden monitorear impactos ambientales asociados a industrias extractivas y correlacionarlos con indicadores de salud, ofreciendo a las comunidades herramientas de defensa frente a la degradación ecológica.",3
"La gestión de medicamentos esenciales es más eficiente con inteligencia artificial. Algoritmos de aprendizaje supervisado pueden predecir la demanda futura de insumos médicos a partir de patrones de consumo, estacionalidad y datos epidemiológicos. Además, sensores conectados y plataformas de IA facilitan la trazabilidad de medicamentos desde su producción hasta la entrega al paciente, reduciendo el riesgo de desabastecimiento o falsificación. Esto asegura que los bienes médicos no duraderos recetados por profesionales estén disponibles de manera continua y accesible, fortaleciendo los sistemas de vigilancia rutinaria en salud.",3
"La experiencia de Uganda con la abolición del cobro compartido puede enriquecerse con IA para monitorear en tiempo real los efectos en la asistencia médica. Sistemas de análisis de big data permiten observar variaciones en las visitas ambulatorias y correlacionarlas con indicadores socioeconómicos. Además, chatbots de orientación pueden guiar a los pacientes sobre sus derechos y disponibilidad de servicios gratuitos. De esta manera, la IA contribuye a hacer sostenibles las políticas pro-pobres, garantizando que los cambios en los esquemas de financiamiento se traduzcan en mayor acceso y calidad de atención.",3
"Los proyectos de vinculación de registros para supervisar la calidad en salud mental se potencian con inteligencia artificial. Algoritmos de machine learning pueden analizar de forma integrada datos hospitalarios, comunitarios y de salud digital para evaluar la eficacia de los tratamientos. También permiten detectar variaciones en la calidad del servicio entre regiones y sugerir intervenciones focalizadas. Con estas herramientas, los países de la OCDE pueden construir infraestructuras más robustas para garantizar un seguimiento permanente y objetivo de la salud mental, fortaleciendo la toma de decisiones basada en evidencia.",3
"La coordinación entre atención médica, apoyo social y políticas de bienestar se fortalece con la ayuda de plataformas de IA. Estas pueden integrar datos de vivienda, empleo y salud para identificar a las personas con necesidades múltiples. De esta manera, los equipos intersectoriales diseñan planes de atención personalizados, evitando duplicación de recursos. Además, la IA permite evaluar de forma continua la efectividad de estas políticas integradas, ajustando programas en tiempo real. La visión de “No Health Without Mental Health” se convierte en una realidad más tangible gracias a la analítica avanzada.",3
"El aumento de copagos y la promoción de genéricos pueden analizarse con IA para medir su impacto en la equidad del sistema de salud. Los algoritmos permiten identificar si ciertos grupos poblacionales reducen el consumo de medicamentos esenciales por barreras económicas y proponen políticas compensatorias. Asimismo, la IA ayuda a planificar la inserción laboral de nuevos graduados médicos, modelando escenarios de contratación y necesidades regionales. Así, la tecnología no solo apoya la gestión del gasto en salud, sino que también contribuye a garantizar oportunidades laborales sostenibles en el sector.",3
"El número de patentes está aumentando, pero hasta ahora los ingresos se mantienen en un nivel bajo, con 7 millones de AUD en 2007. Se puede esperar que gran parte de esto involucre la comercialización fuera del estado. Además, la formación doctoral podría incluir vínculos más sólidos con clústeres clave y proporcionar habilidades emprendedoras. Esta es también un área en la que las universidades de Victoria podrían tener un fuerte impacto en el sector de las pymes mediante el apoyo a la iniciativa empresarial dentro de la comunidad estudiantil y de egresados.",4
"Al estudiar el aprendizaje de los jóvenes durante la caza, ella encontró posible “repensar la educación desde un contexto social diferente al institucional y estatal, a saber, el contexto social de la caza”. La actividad de cazar y/o las prácticas ligadas a la tierra organizan a los individuos en relación con la caza como una forma culturalmente específica de vivir y de estar en el mundo. Ver la caza como una forma de ser en el mundo revela perspectivas más profundas que verla como una técnica informal o tradicional.",4
"Todas las instituciones de educación superior en Galilea, con la excepción del Carmel Academic College y la Nazareth Academic Institution, son instituciones “presupuestadas”, lo que significa que reciben asignaciones presupuestarias del Comité de Planificación y Presupuesto (PBC). Los colegios de formación docente no están bajo la responsabilidad del PBC sino del Ministerio de Educación. Las asignaciones directas a los colegios se dividen en tres categorías principales: i) asignaciones globales, ii) asignaciones específicas y iii) asignaciones de contrapartida.",4
"El personal docente de diferentes tradiciones religiosas puede ahora apoyarse en herramientas digitales impulsadas por inteligencia artificial para enriquecer sus prácticas pedagógicas. Plataformas adaptativas integran teoría y práctica, ajustando los contenidos a las necesidades de cada estudiante. A pesar de los costos de matrícula y de los retos financieros de las instituciones, el uso de sistemas inteligentes para la gestión académica y el seguimiento del aprendizaje permite aprovechar mejor los recursos. Estas tecnologías fortalecen la equidad, fomentan la diversidad en el aula y garantizan que la educación de calidad se sostenga a largo plazo, incluso en contextos con limitaciones presupuestarias.",4
"La educación y el cuidado de la primera infancia son cruciales para el desarrollo futuro, y hoy la inteligencia artificial refuerza este impacto al ofrecer modelos predictivos del desempeño escolar. Algoritmos analizan años de datos educativos para identificar cómo la asistencia a programas de alta calidad influye en el rendimiento posterior, tanto dentro como fuera de la escuela. Estos sistemas permiten diseñar intervenciones específicas para niños de origen inmigrante y de entornos desfavorecidos, asegurando que reciban apoyo temprano. Además, plataformas digitales ofrecen a docentes y familias herramientas interactivas para estimular habilidades cognitivas y socioemocionales, ampliando los beneficios de la educación inicial más allá del aula.",4
"En algunos países, la segregación temprana refleja la idea de que solo ciertos niños alcanzan niveles altos, pero la evidencia de PISA y las tecnologías de IA muestran otra realidad. Plataformas educativas adaptativas demuestran que todos los alumnos pueden progresar si reciben apoyos personalizados. En países como Estonia, Canadá o Finlandia, la creencia de que cada estudiante puede llegar a estándares internacionales se complementa hoy con sistemas inteligentes que diagnostican brechas de aprendizaje y ofrecen materiales adecuados. Este enfoque, impulsado por la tecnología, refuerza la equidad y reduce las disparidades sociales, mostrando que la calidad educativa puede ser alcanzada por todos.",4
"Un currículo integrado que valore tanto el aprendizaje cognitivo como el social se fortalece con el uso de inteligencia artificial. En contextos como Suecia, donde la educación de la primera infancia es de alta calidad, la incorporación de sistemas inteligentes permite monitorear el desarrollo integral de los niños. Herramientas digitales recogen información sobre interacciones sociales, lenguaje y resolución de problemas, ofreciendo retroalimentación a los docentes en tiempo real. Así, la IA amplía la capacidad de personalizar actividades y refuerza la idea de que la educación temprana debe atender tanto el crecimiento académico como el bienestar emocional, contribuyendo a una formación equilibrada.",4
"Los datos de PISA muestran la importancia de la certificación docente, aunque su impacto en el rendimiento no es uniforme. Con el apoyo de la inteligencia artificial, esta certificación puede complementarse con formación continua más dinámica. Plataformas basadas en IA analizan las necesidades de cada profesor y recomiendan cursos de actualización personalizados. Además, sistemas de análisis educativo comparan prácticas pedagógicas en diferentes países y sugieren mejoras adaptadas al contexto local. De esta forma, más allá de los estándares formales de certificación, la tecnología contribuye a elevar la calidad docente y, en consecuencia, los aprendizajes de los estudiantes.",4
"La transición de evaluaciones centradas en contenidos hacia aquellas basadas en competencias se ve potenciada por la inteligencia artificial. Los nuevos sistemas de evaluación digital pueden medir no solo conocimientos, sino también habilidades de orden superior como la creatividad, la resolución de problemas y el pensamiento crítico. Estas plataformas adaptan las pruebas al nivel del estudiante y generan informes detallados que ayudan a los docentes a planificar intervenciones específicas. Así, la evaluación deja de ser un ejercicio estático y se convierte en una herramienta dinámica que guía el proceso de enseñanza y aprendizaje hacia un desarrollo integral.",4
"El liderazgo escolar, fundamental para la calidad educativa, encuentra en la inteligencia artificial un aliado estratégico. Herramientas digitales de gestión permiten a los directivos analizar en tiempo real indicadores de desempeño institucional, diseñar planes de mejora y dar seguimiento a las recomendaciones de revisión escolar. Sistemas predictivos ayudan a identificar riesgos de abandono, baja motivación docente o inequidades internas. Al integrarse con plataformas colaborativas, estas tecnologías refuerzan la capacidad de liderazgo, garantizan un uso más efectivo de los recursos y fortalecen el compromiso de toda la comunidad educativa hacia una mejora continua.",4
"El uso eficiente de los recursos educativos puede mejorar la equidad, y la inteligencia artificial ofrece nuevas herramientas para lograrlo. Sistemas de análisis permiten identificar escuelas y comunidades con mayores necesidades, optimizando la asignación de incentivos financieros y programas de apoyo. Al mismo tiempo, la IA facilita el diseño de políticas de intervención temprana que reducen desigualdades socioeconómicas intergeneracionales. Estas plataformas no solo proporcionan evidencia empírica a nivel nacional e internacional, sino que también simulan escenarios de impacto, ayudando a gobiernos y autoridades educativas a tomar decisiones más informadas y equitativas.",4
"Los sistemas educativos que promueven la equidad, como los de países nórdicos, pueden fortalecerse mediante inteligencia artificial. Algoritmos aplicados a grandes bases de datos educativos analizan patrones de repetición, abandono escolar y acceso a formación profesional, sugiriendo medidas para reducir brechas. A nivel terciario, la tecnología facilita sistemas de becas y préstamos más transparentes y adaptados a las necesidades de los estudiantes. Además, plataformas de aprendizaje digital apoyadas en IA ofrecen recursos gratuitos y accesibles, asegurando que incluso quienes enfrentan desventajas puedan adquirir habilidades clave para el mundo actual.",4
"La innovación educativa apoyada en inteligencia artificial impulsa nuevas formas de colaboración y aprendizaje. El éxito de plataformas piloto digitales ha demostrado que los países con mejor desempeño en PISA integran prácticas tecnológicas que fomentan la resolución de problemas en equipo. Herramientas de IA permiten a los estudiantes trabajar en proyectos conjuntos, simular escenarios y recibir retroalimentación personalizada. Estos entornos digitales fortalecen las competencias colaborativas y desarrollan habilidades esenciales para el siglo XXI. Así, la educación de calidad no solo se centra en el conocimiento individual, sino en la capacidad de aprender y resolver problemas de manera colectiva.",4
Un panel de investigadores y expertos en liderazgo escolar identificó la base de investigación para actualizar los estándares ISLLC de 1996. El desarrollo de los estándares fue organizado por un comité directivo en varias fases. Todas las organizaciones miembros de NPBEA identificaron una estrategia para garantizar la participación de sus miembros en el proceso de revisión.,4
"Los planes a menudo se han centrado en atraer población judía y empresas internacionales a la región con la ayuda de exenciones fiscales. Las intervenciones a nivel regional han sido en gran medida definidas e implementadas de manera descendente desde el centro de Israel. Esto está en consonancia con la estructura administrativa centralizada de Israel, que deja poco margen para la iniciativa y la creación de capacidades regionales.",4
"Las capacidades analíticas deberían fortalecerse no solo a nivel nacional, sino también en el nivel de las regiones autónomas y las grandes ciudades responsables de sistemas escolares locales más grandes. El desarrollo de capacidades analíticas y de planificación de las regiones autónomas y grandes ciudades podría apoyarse mediante intervenciones especiales de desarrollo, ya sea en el marco de programas de desarrollo financiados por la UE en el sector educativo, o en el marco de programas destinados a apoyar las capacidades administrativas y de gestión pública. Un modelo interesante es la iniciativa Local Learning en Alemania (véase el Recuadro 2.4). En general, el fortalecimiento de capacidades debería convertirse en un instrumento clave de política en un entorno en el que, como en la República Eslovaca, las decisiones de los actores locales tienen un impacto cada vez mayor en los resultados de las políticas. Esto debería incluir no solo a las regiones y municipios autónomos, sino también a los actores institucionales “legos”, como los miembros de los consejos escolares. Existen muchos objetivos de política que requieren el uso de instrumentos más sofisticados, a menudo “blandos”.",4
"Los desincentivos para que las personas inviertan en educación y formación que genera el diseño general del sistema fiscal pueden mitigarse con concesiones fiscales específicas. En la mayoría de los países de la OCDE, los empleadores pueden deducir totalmente los costos de la formación patrocinada por el empleador a efectos del impuesto sobre la renta en el año en que se incurren. Tal “gasto inmediato” es similar al gasto empresarial en intangibles, como la publicidad y la I+D, pero más generoso que la inversión en edificios y maquinaria, donde la desgravación fiscal se reparte a lo largo del tiempo, en consonancia con la tasa de depreciación asumida de los activos.",4
"La rúbrica Studio Thinking estaba probablemente más enfocada en los hábitos de pensamiento de las artes visuales que la rúbrica inicial de la OCDE de carácter general. Y la rúbrica de los “cinco hábitos creativos de la mente” era comúnmente utilizada por los programas de Creative Partnerships. Como existía cierta alineación entre esas rúbricas, esta desviación del protocolo del proyecto estaba bien para un proyecto de desarrollo, pero plantearía problemas de “fidelidad de implementación” en un estudio de validación o eficacia. En Hungría, la red escolar que implementaba la pedagogía de Creative Partnerships propuso una alternativa interesante: el equipo utilizó tanto la rúbrica general de la OCDE como la rúbrica de los “cinco hábitos creativos de la mente”, pero para diferentes propósitos.",4
"La rúbrica de los “cinco hábitos creativos de la mente” se utilizó como herramienta de observación de la dinámica en el aula, mientras que la rúbrica de la OCDE se usó para preparar, revisar e identificar posibles brechas en las actividades pedagógicas. El equipo en Tailandia hizo más o menos lo mismo. En el primer año de implementación, los docentes solo estuvieron expuestos a la rúbrica de los “cinco hábitos de la mente” durante la formación profesional, pero luego usaron ambas en el campo. En el segundo año, usaron ambas rúbricas tanto durante la formación como en el campo.",4
"Esto no constituye una base sobre la cual desarrollar niveles más altos de aprendizaje estudiantil. En segundo lugar, está la necesidad de fortalecer la capacidad de las escuelas para asumir el liderazgo en la mejora. El sistema centralizado que logró la cobertura universal necesita evolucionar para dar a las escuelas más espacio y capacidad para dar forma a las prácticas de enseñanza y aprendizaje.",4
"Otras partes se acercan semanalmente a la d.school en busca de posibilidades de crear programas educativos similares, y el personal “ha ayudado a construir planes de estudio, demostrar clases u ofrecer talleres en más de 30 países”. Por ejemplo, Schwartz, Lindgren y Lewis (2009, p. 57) sostienen que la instrucción directa “tiende a enfocar la atención de los estudiantes en los procedimientos de solución contados, no en las situaciones problemáticas, de modo que los estudiantes aprenden respuestas a un espacio de problemas que nunca llegan a comprender”. Con los enfoques convencionales, los estudiantes corren el riesgo de notar solo las características llamativas de un problema y no reconocer la estructura subyacente. Como resultado, podrían no estar preparados para transferir su conocimiento y habilidades a nuevas situaciones (Schwartz, Lindgren y Lewis, 2009).",4
Los intercambios entre instituciones de educación superior y los departamentos estatales de Victoria pueden organizarse como reuniones de mesa redonda y podrían alimentar la formulación de políticas a nivel estatal. Los resultados más informativos para la formulación de políticas provienen de la combinación efectiva de bases de datos de sistemas de información geográfica (SIG) con datos socioeconómicos. El Proyecto de Indicadores Comunitarios (VCIP) es un buen modelo a seguir.,4
"A pesar de esto, los directores de escuela tienden todavía a verse a sí mismos como administradores, no como líderes pedagógicos. Como declaró un testigo del ministerio: “Es difícil delegar decisiones y responsabilidades de gestión a los directores. Las escuelas están aisladas y no hemos construido un sistema de gestión que sea eficiente para ellas”.",4
"El parque industrial ha logrado atraer empresas sofisticadas de manufactura y software desde el centro del país. Los menores costos y la mayor productividad laboral en la región han permitido, por ejemplo, que la empresa global de electrónica de defensa Elbit reubique la mayor parte de sus operaciones de manufactura de equipos de comunicaciones para los servicios de seguridad en el parque industrial. Otras empresas de rápido crecimiento incluyen las compañías biotecnológicas Etrog y Tagra.",4
La colaboración entre instituciones de educación superior sigue siendo limitada. Hubo pocos intentos de establecer las necesidades colectivas de la región en términos de infraestructura de innovación o de coordinar las acciones de los colegios o universidades para satisfacer dichas necesidades. Existe la necesidad de modernizar la industria tradicional y el sector de servicios existentes y mejorar su capacidad de innovación. La inversión del gobierno nacional se centra en los componentes de investigación del sistema y en incentivos fiscales para la industria.,4
"Estos estudios representan una amplia e importante base de conocimiento, y han influido en el desarrollo de políticas educativas a nivel mundial. Los países nórdicos representan un “laboratorio” único para análisis en profundidad de los resultados de estos estudios debido a las muchas similitudes culturales combinadas con características nacionales claras en cuanto a resultados y desarrollo de políticas. Las publicaciones bienales Northern Lights buscan presentar análisis altamente relevantes para las políticas en un contexto nórdico, con el fin de mejorar el uso y la comprensión de los datos de evaluaciones a gran escala y estimular la cooperación nórdica.",4
"En medicina, no reconocer la osteoporosis como una enfermedad masculina retrasa el diagnóstico y el tratamiento en los hombres. En la planificación urbana, no recopilar datos sobre el trabajo de cuidados conduce a sistemas de transporte ineficientes. (Fundada en 1961, con el objetivo de mejorar y revitalizar la economía regional tras el colapso de la industria textil regional, el objetivo principal de la UT desde el inicio ha sido dedicarse a la investigación útil para la sociedad. Todos los estudiantes de la UT deben adquirir competencias de emprendimiento al finalizar sus estudios).",4
"El análisis de riesgos inicial se basa en una revisión de los resultados de cada escuela, sus cuentas anuales y “señales de falla” como quejas. Para sus visitas de inspección, la Inspección utiliza un marco detallado de indicadores de calidad y un conjunto claro de reglas de decisión. Como parte de este marco, la Inspección de Educación también evalúa la gestión de la calidad interna emprendida por las escuelas.",4
El proyecto se centra en tratar los factores subyacentes que afectan los resultados educativos y de aprendizaje. El personal de salud aliado de diversas especialidades aborda problemas de comportamiento y aprendizaje de estudiantes aborígenes y de las Islas del Estrecho de Torres. Las seis escuelas que reciben atención en salud aliada están ubicadas en zonas geográficas remotas con servicios especializados limitados.,4
"He encontrado muy pocos estudiantes que se negaran a ponerse de pie. He visto a un estudiante que se negó y que insultó a los maestros. Ella dijo: “no es mi culpa, fue tu culpa”. Los maestros se asustan si los estudiantes se niegan a ponerse de pie, por lo que no los obligan. En la escuela de Kabir, que describí anteriormente, se había instalado una cámara CCTV en una de las aulas.",4
"Las poblaciones de niños en edad escolar han disminuido en muchos países de la OCDE, mientras que en otros, las matrículas en las escuelas urbanas han aumentado junto con la migración interna hacia las ciudades. Ambas situaciones han suscitado preocupaciones sobre la calidad y el costo de las escuelas pequeñas, particularmente en áreas rurales. En lugar de identificar un “tamaño óptimo”, los estudios empíricos indican que el efecto del tamaño escolar varía según los grupos de estudiantes y los niveles educativos. En general, los estudiantes de secundaria tienden a beneficiarse más de escuelas más grandes que los alumnos de primaria, y los estudiantes de bajos ingresos y minorías parecen desempeñarse mejor en escuelas más pequeñas (Howley y Howley, 2004). Algunos estudios también encuentran evidencia de rendimientos decrecientes a escala, lo que sugiere que el desempeño de los estudiantes mejora hasta cierto tamaño escolar (que tiende a ser menor en primaria que en secundaria) y luego disminuye. Muchos países compensan el mayor costo de mantener escuelas pequeñas proporcionándoles financiamiento adicional o promoviendo programas de consolidación para reducir la carga fiscal de una red escolar fragmentada.",4
"El aumento de patentes refleja avances en investigación, pero los ingresos económicos asociados siguen siendo limitados. La IA puede potenciar la transferencia de conocimiento, identificando oportunidades de comercialización y conectando proyectos de investigación con el sector productivo. En la formación doctoral, los algoritmos pueden mapear clústeres de innovación y recomendar vínculos estratégicos, además de ofrecer programas personalizados en habilidades emprendedoras. De este modo, las universidades no solo generan patentes, sino también modelos sostenibles de innovación educativa que impactan en el ecosistema de las pymes y promueven un desarrollo más equitativo.",4
"El análisis de la sobrecalificación en distintos grupos de edad puede enriquecerse con IA, que permite procesar grandes volúmenes de datos laborales para identificar tendencias en tiempo real. Algoritmos predictivos pueden estimar qué sectores demandarán ciertas competencias en los próximos años, ayudando a reducir la brecha entre formación académica y empleabilidad. De esta manera, la educación se alinea mejor con las necesidades del mercado laboral, ofreciendo a jóvenes y adultos programas más pertinentes y disminuyendo la probabilidad de que sus estudios no correspondan con sus empleos futuros.",4
"La experiencia de acuerdos colectivos en Ontario demuestra la importancia del consenso educativo. Con IA, estos procesos pueden complementarse mediante plataformas que analizan millones de datos de desempeño docente, identificando áreas de mejora y simulando escenarios de negociación. Además, los programas de residencia docente pueden fortalecerse con tutores virtuales basados en IA que ofrecen retroalimentación en tiempo real, analizan prácticas de aula y sugieren ajustes pedagógicos. Así, la inteligencia artificial se convierte en una aliada para mejorar la calidad de la enseñanza y apoyar la toma de decisiones en políticas educativas.",4
"El aprendizaje no se limita a las aulas. Experiencias como la caza enseñan que la educación también ocurre en contextos sociales y culturales. La IA puede reconocer y sistematizar estas prácticas mediante el análisis de datos etnográficos y multimedia, creando repositorios digitales que valoran los saberes locales. Además, algoritmos de procesamiento de lenguaje natural pueden traducir testimonios y relatos comunitarios, integrándolos en materiales educativos. Así, la IA favorece una educación más inclusiva, que no descarta prácticas tradicionales, sino que las articula con el aprendizaje formal, ampliando las perspectivas de lo que significa aprender.",4
"La asignación de presupuestos educativos suele estar centralizada, lo que limita la autonomía de las instituciones. Con IA, se pueden diseñar modelos de simulación financiera que optimicen la distribución de recursos de acuerdo con indicadores de desempeño y necesidades regionales. Estas herramientas pueden garantizar una asignación más transparente y equitativa, favoreciendo a instituciones que atienden poblaciones vulnerables. Además, la IA facilita el análisis comparativo entre universidades, ayudando a identificar brechas y oportunidades de colaboración. Así, la planificación presupuestaria se convierte en un proceso más dinámico, basado en datos y orientado a la calidad.",4
"El juego estructurado potencia la adquisición de competencias, y la IA puede enriquecerlo mediante plataformas que adaptan las actividades a las capacidades cognitivas de cada niño. Por ejemplo, sistemas de visión artificial pueden analizar cómo los estudiantes interactúan con objetos y proponer nuevas dinámicas para fortalecer el razonamiento lógico-matemático. Además, algoritmos de analítica de aprendizaje permiten seguir la evolución de cada estudiante y predecir dificultades futuras, activando apoyos tempranos. De esta forma, la inteligencia artificial contribuye a que la educación inicial sea más inclusiva, personalizada y efectiva en la construcción de competencias fundamentales.",4
"La revisión de estándares educativos, como los ISLLC, puede apoyarse en IA para analizar evidencia internacional y detectar prácticas exitosas. Sistemas de minería de textos permiten procesar miles de informes académicos y extraer patrones de buenas prácticas en liderazgo escolar. Además, simulaciones basadas en IA pueden anticipar el impacto de nuevos estándares antes de su implementación. Esto permite tomar decisiones mejor informadas y alineadas con los retos actuales de la educación, asegurando que los marcos normativos sean dinámicos, actualizados y centrados en mejorar el desempeño de las instituciones y de los docentes.",4
"Las políticas educativas para atraer población y empresas a ciertas regiones suelen ser centralizadas. La IA puede fortalecerlas al analizar datos demográficos, migratorios y educativos en tiempo real, proponiendo intervenciones más focalizadas. Por ejemplo, algoritmos de predicción pueden identificar qué programas académicos atraerán más estudiantes o qué incentivos generarán mayor impacto en comunidades específicas. Así, la inteligencia artificial ayuda a diseñar estrategias regionales que no solo promueven la atracción de talento, sino que también fomentan la equidad y reducen las brechas territoriales en el acceso a educación de calidad.",4
"El fortalecimiento de capacidades analíticas en regiones y ciudades puede transformarse con IA. Los sistemas de big data permiten integrar información de matrículas, resultados de aprendizaje y recursos escolares, generando tableros de control en tiempo real para tomadores de decisiones. Estos tableros ayudan a planificar con mayor precisión, asignar recursos de manera equitativa y medir el impacto de las políticas locales. Además, la IA facilita el entrenamiento de actores educativos en herramientas de análisis, promoviendo una cultura de gestión basada en datos. Esto refuerza la autonomía regional y mejora la calidad del sistema educativo en su conjunto.",4
"La IA puede mejorar la efectividad de los incentivos fiscales destinados a formación y capacitación. A través de algoritmos predictivos, los gobiernos pueden identificar sectores donde la inversión en capacitación tendrá mayor impacto en la productividad y la empleabilidad. Asimismo, la IA puede auditar en tiempo real el uso de los beneficios fiscales, reduciendo fraudes y asegurando que las empresas inviertan efectivamente en sus trabajadores. Este enfoque inteligente convierte a la política fiscal en una herramienta más eficiente para promover el aprendizaje continuo y la actualización profesional, alineada con las demandas del mercado laboral.",4
"Las rúbricas, como Studio Thinking o los “cinco hábitos creativos de la mente”, pueden potenciarse con IA mediante sistemas que analicen automáticamente la dinámica en el aula. Cámaras y sensores combinados con algoritmos de visión computacional detectan interacciones entre estudiantes y docentes, proporcionando métricas objetivas sobre creatividad, participación y colaboración. Esta información complementa la evaluación tradicional y permite a los docentes ajustar sus estrategias pedagógicas de manera inmediata. Así, la inteligencia artificial se convierte en un recurso clave para validar la fidelidad de implementación de innovaciones educativas y para mejorar la práctica docente.",4
"La aplicación de rúbricas en contextos diversos, como Hungría o Tailandia, puede enriquecerse con IA al automatizar procesos de observación en el aula. Herramientas de analítica de aprendizaje recopilan datos de interacciones digitales y presenciales, identificando patrones de participación y progreso. Con estos datos, los docentes reciben retroalimentación personalizada sobre su práctica y los estudiantes obtienen recomendaciones para mejorar su desempeño. La inteligencia artificial permite, además, comparar resultados entre países o regiones, facilitando la creación de redes globales de innovación educativa. Así, se fortalece el aprendizaje colaborativo y la mejora continua de los sistemas educativos.",4
La pobreza en Colombia es un ciclo del que es difícil salir; todos merecemos una oportunidad justa de prosperar.,1
"Me preocupa ver a tantas familias luchando por lo básico, como comida y educación, en un país tan rico en recursos.",1
"El acceso a servicios de salud dignos debería ser un derecho para todos, no un privilegio de unos pocos.",1
"La desigualdad económica está acabando con la esperanza de muchos jóvenes, necesitamos más oportunidades.",1
"Es frustrante que la brecha entre ricos y pobres siga creciendo, mientras la clase media apenas sobrevive.",1
La ruralidad en Colombia sufre mucho más; la pobreza es más aguda y la atención del gobierno es casi nula.,1
Necesitamos políticas que realmente atiendan las necesidades de la población y no solo promesas vacías.,1
Cada día escucho historias de personas que pasan hambre a pesar de trabajar duro. Eso no debería ser aceptable.,1
La falta de acceso a la educación de calidad perpetúa la pobreza; es hora de invertir en nuestros niños.,1
"Hay tanta riqueza en este país, pero parece que se queda en manos de unos poquísimos.",1
La desigualdad en oportunidades laborales es evidente; se nota más si vives en la periferia de una ciudad.,1
Habrá paz en Colombia solo cuando se cierre la brecha de la pobreza y se asegure una vida digna para todos.,1
"Siento impotencia al ver que muchos compatriotas no tienen acceso a internet, limitando su desarrollo personal y profesional.",1
"La pobreza no debería ser una carga heredada; los niños merecen un futuro mejor, sin importar su origen.",1
Es increíble que en una ciudad tan grande como Bogotá haya zonas donde la pobreza se siente con tanta intensidad.,1
El acceso a recursos básicos como agua potable y saneamiento es un lujo en algunas regiones del país.,1
Las políticas de subsidios deben ser más inclusivas y dirigidas a quienes realmente lo necesitan.,1
De nada sirve el crecimiento económico si no se refleja en el bienestar de la gente.,1
La desigualdad social se hace evidente cada vez que vemos las lujosas zonas frente a los barrios populares.,1
No puedo creer que al lado de mi casa haya personas que no pueden comer tres veces al día.,1
"Todos hablamos del cambio, pero pocos hacen algo por erradicar la pobreza en sus comunidades.",1
Me duele ver la falta de oportunidades en mi barrio; los chicos se quedan sin futuro.,1
La financiación de proyectos que mejoren las condiciones de vida de los pobres es esencial para avanzar.,1
La corrupción es un gran obstáculo que impide que los recursos lleguen adonde más se necesitan.,1
Es triste escuchar a las familias pensar que la pobreza es su destino. Debemos cambiar esa mentalidad.,1
"Insisto: sin educación integral, jamás romperemos el ciclo de la pobreza en Colombia.",1
La lucha por una vida digna no debería ser solo de unos pocos; es un derecho de todos.,1
Hay una desconexión entre lo que los políticos prometen y la realidad que vive la gente día a día.,1
El acceso a crédito y recursos económicos para emprendedores es clave para generar empleo y minimizar la desigualdad.,1
Urge que el Estado escuche las voces de quienes viven en pobreza; sus historias son esenciales para encontrar soluciones.,1
